Workbook

Sheet 1_Datos_Originales
A1: Cliente_ID | B1: Ingreso_Anual | C1: Frecuencia_Gasto
A2: C1 | B2: 21490.142 | C2: 12.188562
A3: C2 | B3: 19585.207 | C3: 9.9358444
A4: C3 | B4: 21943.066 | C4: 16.571237
A5: C4 | B5: 24569.09 | C5: 10.45988
A6: C5 | B6: 19297.54 | C6: 7.9384815
A7: C6 | B7: 19297.589 | C7: 22.328244
A8: C7 | B8: 24737.638 | C8: 13.871118
A9: C8 | B9: 22302.304 | C9: 15.337641
A10: C9 | B10: 18591.577 | C10: 7.8762591
A11: C10 | B11: 21627.68 | C11: 12.278086
A12: C11 | B12: 18609.747 | C12: 15.554613
A13: C12 | B13: 18602.811 | C13: 9.2450321
... A46: C45 | B46: 73802.549 | C46: 34.106139

Sheet 2_Datos_Escalados
A1: Cliente_ID | B1: Ingreso_Norm | C1: Gasto_Norm
A2: C1 | B2: 0.07131126 | C2: 0.068782292
A3: C2 | B3: 0.052522373 | C3: 0.03285089
A4: C3 | B4: 0.075778562 | C4: 0.13868702
A5: C4 | B5: 0.10167974 | C5: 0.04120938
A6: C5 | B6: 0.049685034 | C6: 0.00099246289
A7: C6 | B7: 0.04968552 | C7: 0.23051269
A8: C7 | B8: 0.10334218 | C8: 0.095619474
A9: C8 | B9: 0.079321829 | C9: 0.11901087
A10: C9 | B10: 0.042721931 | C10: 0
A11: C10 | B11: 0.072667831 | C11: 0.070210222
A12: C11 | B12: 0.042901148 | C12: 0.12247162
A13: C12 | B13: 0.042832734 | C13: 0.021832265
... A46: C45 | B46: 0.58728253 | C46: 0.41837301

Sheet 3_KMeans_Iteracion_1
A1: Cliente ID | B1: Ingreso | C1: Frecuencia | D1: Centroide 1 | E1: Centroide 2 | F1: Centroide 3 | G1: Min Centroide | H1: Cluster ID | J1: CENTROIDES INICIALES (K=3)
A2: C1 | B2: 0.07131126 | C2: 0.068782292 | D2: =SQRT((B2-$K$3)^2 + (C2-$L$3)^2) -> 0.98510642 | E2: =SQRT((B2-$K$4)^2 + (C2-$L$4)^2) -> 0.62468275 | F2: =SQRT((B2-$K$5)^2 + (C2-$L$5)^2) -> 0.9023254 | G2: =MIN(D2:F2) -> 0.62468275 | H2: =MATCH(G2, D2:F2, 0) -> 2 | K2: X (Ingreso_Norm) | L2: Y (Gasto_Norm)
A3: C2 | B3: 0.052522373 | C3: 0.03285089 | D3: =SQRT((B3-$K$3)^2 + (C3-$L$3)^2) -> 1.0255142 | E3: =SQRT((B3-$K$4)^2 + (C3-$L$4)^2) -> 0.66513067 | F3: =SQRT((B3-$K$5)^2 + (C3-$L$5)^2) -> 0.9424699 | G3: =MIN(D3:F3) -> 0.66513067 | H3: =MATCH(G3, D3:F3, 0) -> 2 | J3: C1 (Azar) | K3: 0.6 | L3: 0.9
A4: C3 | B4: 0.075778562 | C4: 0.13868702 | D4: =SQRT((B4-$K$3)^2 + (C4-$L$3)^2) -> 0.92434061 | E4: =SQRT((B4-$K$4)^2 + (C4-$L$4)^2) -> 0.56385211 | F4: =SQRT((B4-$K$5)^2 + (C4-$L$5)^2) -> 0.84388564 | G4: =MIN(D4:F4) -> 0.56385211 | H4: =MATCH(G4, D4:F4, 0) -> 2 | J4: C2 (Azar) | K4: 0.4 | L4: 0.6
A5: C4 | B5: 0.10167974 | C5: 0.04120938 | D5: =SQRT((B5-$K$3)^2 + (C5-$L$3)^2) -> 0.99289698 | E5: =SQRT((B5-$K$4)^2 + (C5-$L$4)^2) -> 0.63343661 | F5: =SQRT((B5-$K$5)^2 + (C5-$L$5)^2) -> 0.90779198 | G5: =MIN(D5:F5) -> 0.63343661 | H5: =MATCH(G5, D5:F5, 0) -> 2 | J5: C3 (Azar) | K5: 0.6 | L5: 0.8
A6: C5 | B6: 0.049685034 | C6: 0.00099246289 | D6: =SQRT((B6-$K$3)^2 + (C6-$L$3)^2) -> 1.0540688 | E6: =SQRT((B6-$K$4)^2 + (C6-$L$4)^2) -> 0.69392406 | F6: =SQRT((B6-$K$5)^2 + (C6-$L$5)^2) -> 0.97018535 | G6: =MIN(D6:F6) -> 0.69392406 | H6: =MATCH(G6, D6:F6, 0) -> 2
A7: C6 | B7: 0.04968552 | C7: 0.23051269 | D7: =SQRT((B7-$K$3)^2 + (C7-$L$3)^2) -> 0.86663676 | E7: =SQRT((B7-$K$4)^2 + (C7-$L$4)^2) -> 0.50915725 | F7: =SQRT((B7-$K$5)^2 + (C7-$L$5)^2) -> 0.79193549 | G7: =MIN(D7:F7) -> 0.50915725 | H7: =MATCH(G7, D7:F7, 0) -> 2
A8: C7 | B8: 0.10334218 | C8: 0.095619474 | D8: =SQRT((B8-$K$3)^2 + (C8-$L$3)^2) -> 0.9453555 | E8: =SQRT((B8-$K$4)^2 + (C8-$L$4)^2) -> 0.58515432 | F8: =SQRT((B8-$K$5)^2 + (C8-$L$5)^2) -> 0.86187059 | G8: =MIN(D8:F8) -> 0.58515432 | H8: =MATCH(G8, D8:F8, 0) -> 2
A9: C8 | B9: 0.079321829 | C9: 0.11901087 | D9: =SQRT((B9-$K$3)^2 + (C9-$L$3)^2) -> 0.93864252 | E9: =SQRT((B9-$K$4)^2 + (C9-$L$4)^2) -> 0.57808739 | F9: =SQRT((B9-$K$5)^2 + (C9-$L$5)^2) -> 0.85723507 | G9: =MIN(D9:F9) -> 0.57808739 | H9: =MATCH(G9, D9:F9, 0) -> 2
A10: C9 | B10: 0.042721931 | C10: 0 | D10: =SQRT((B10-$K$3)^2 + (C10-$L$3)^2) -> 1.0585645 | E10: =SQRT((B10-$K$4)^2 + (C10-$L$4)^2) -> 0.69831771 | F10: =SQRT((B10-$K$5)^2 + (C10-$L$5)^2) -> 0.97496607 | G10: =MIN(D10:F10) -> 0.69831771 | H10: =MATCH(G10, D10:F10, 0) -> 2
A11: C10 | B11: 0.072667831 | C11: 0.070210222 | D11: =SQRT((B11-$K$3)^2 + (C11-$L$3)^2) -> 0.98317358 | E11: =SQRT((B11-$K$4)^2 + (C11-$L$4)^2) -> 0.62275481 | F11: =SQRT((B11-$K$5)^2 + (C11-$L$5)^2) -> 0.90037344 | G11: =MIN(D11:F11) -> 0.62275481 | H11: =MATCH(G11, D11:F11, 0) -> 2
A12: C11 | B12: 0.042901148 | C12: 0.12247162 | D12: =SQRT((B12-$K$3)^2 + (C12-$L$3)^2) -> 0.95650902 | E12: =SQRT((B12-$K$4)^2 + (C12-$L$4)^2) -> 0.5962826 | F12: =SQRT((B12-$K$5)^2 + (C12-$L$5)^2) -> 0.87715668 | G12: =MIN(D12:F12) -> 0.5962826 | H12: =MATCH(G12, D12:F12, 0) -> 2
A13: C12 | B13: 0.042832734 | C13: 0.021832265 | D13: =SQRT((B13-$K$3)^2 + (C13-$L$3)^2) -> 1.0400067 | E13: =SQRT((B13-$K$4)^2 + (C13-$L$4)^2) -> 0.67959281 | F13: =SQRT((B13-$K$5)^2 + (C13-$L$5)^2) -> 0.95706864 | G13: =MIN(D13:F13) -> 0.67959281 | H13: =MATCH(G13, D13:F13, 0) -> 2
A14: C13 | B14: 0.063773202 | C14: 0.14358779 | D14: =SQRT((B14-$K$3)^2 + (C14-$L$3)^2) -> 0.92719934 | E14: =SQRT((B14-$K$4)^2 + (C14-$L$4)^2) -> 0.56688673 | F14: =SQRT((B14-$K$5)^2 + (C14-$L$5)^2) -> 0.84759434 | G14: =MIN(D14:F14) -> 0.56688673 | H14: =MATCH(G14, D14:F14, 0) -> 2
A15: C14 | B15: 0 | C15: 0.06572374 | D15: =SQRT((B15-$K$3)^2 + (C15-$L$3)^2) -> 1.0276268 | E15: =SQRT((B15-$K$4)^2 + (C15-$L$4)^2) -> 0.66742125 | F15: =SQRT((B15-$K$5)^2 + (C15-$L$5)^2) -> 0.94824133 | G15: =MIN(D15:F15) -> 0.66742125 | H15: =MATCH(G15, D15:F15, 0) -> 2
A16: C15 | B16: 0.0055736067 | C16: 0.090362477 | D16: =SQRT((B16-$K$3)^2 + (C16-$L$3)^2) -> 1.0044181 | E16: =SQRT((B16-$K$4)^2 + (C16-$L$4)^2) -> 0.64443974 | F16: =SQRT((B16-$K$5)^2 + (C16-$L$5)^2) -> 0.92570414 | G16: =MIN(D16:F16) -> 0.64443974 | H16: =MATCH(G16, D16:F16, 0) -> 2
A17: C16 | B17: 0.32283765 | C17: 0.71656951 | D17: =SQRT((B17-$K$3)^2 + (C17-$L$3)^2) -> 0.33236383 | E17: =SQRT((B17-$K$4)^2 + (C17-$L$4)^2) -> 0.13979441 | F17: =SQRT((B17-$K$5)^2 + (C17-$L$5)^2) -> 0.28944708 | G17: =MIN(D17:F17) -> 0.13979441 | H17: =MATCH(G17, D17:F17, 0) -> 2
... A46: C45 | B46: 0.58728253 | C46: 0.41837301 | D46: =SQRT((B46-$K$3)^2 + (C46-$L$3)^2) -> 0.48179487 | E46: =SQRT((B46-$K$4)^2 + (C46-$L$4)^2) -> 0.26088908 | F46: =SQRT((B46-$K$5)^2 + (C46-$L$5)^2) -> 0.38183883 | G46: =MIN(D46:F46) -> 0.26088908 | H46: =MATCH(G46, D46:F46, 0) -> 2

Sheet 4_KMeans_Iteracion_2
J1: CENTROIDES ACTUALIZADOS
A2: C1 | B2: 0.07131126 | C2: 0.068782292 | D2: =SQRT((B2-$K$3)^2 + (C2-$L$3)^2) -> 0.91996864 | E2: =SQRT((B2-$K$4)^2 + (C2-$L$4)^2) -> 0.33243251 | F2: =SQRT((B2-$K$5)^2 + (C2-$L$5)^2) -> 0.87364983 | G2: =MIN(D2:F2) -> 0.33243251 | H2: =MATCH(G2, D2:F2, 0) -> 2 | K2: X (Media_Ingreso) | L2: Y (Media_Gasto)
A3: C2 | B3: 0.052522373 | C3: 0.03285089 | D3: =SQRT((B3-$K$3)^2 + (C3-$L$3)^2) -> 0.95976336 | E3: =SQRT((B3-$K$4)^2 + (C3-$L$4)^2) -> 0.37073182 | F3: =SQRT((B3-$K$5)^2 + (C3-$L$5)^2) -> 0.90666708 | G3: =MIN(D3:F3) -> 0.37073182 | H3: =MATCH(G3, D3:F3, 0) -> 2 | J3: Centroide 1 | K3: =AVERAGEIF('3_KMeans_Iteracion_1'!$H$2:$H$46, 1, '3_KMeans_Iteracion_1'!$B$2:$B$46) -> 0.32965919 | L3: =AVERAGEIF('3_KMeans_Iteracion_1'!$H$2:$H$46, 1, '3_KMeans_Iteracion_1'!$C$2:$C$46) -> 0.95173113
A4: C3 | B4: 0.075778562 | C4: 0.13868702 | D4: =SQRT((B4-$K$3)^2 + (C4-$L$3)^2) -> 0.85176059 | E4: =SQRT((B4-$K$4)^2 + (C4-$L$4)^2) -> 0.28644199 | F4: =SQRT((B4-$K$5)^2 + (C4-$L$5)^2) -> 0.84103372 | G4: =MIN(D4:F4) -> 0.28644199 | H4: =MATCH(G4, D4:F4, 0) -> 2 | J4: Centroide 2 | K4: =AVERAGEIF('3_KMeans_Iteracion_1'!$H$2:$H$46, 2, '3_KMeans_Iteracion_1'!$B$2:$B$46) -> 0.31792941 | L4: =AVERAGEIF('3_KMeans_Iteracion_1'!$H$2:$H$46, 2, '3_KMeans_Iteracion_1'!$C$2:$C$46) -> 0.29169676
A5: C4 | B5: 0.10167974 | C5: 0.04120938 | D5: =SQRT((B5-$K$3)^2 + (C5-$L$3)^2) -> 0.93862904 | E5: =SQRT((B5-$K$4)^2 + (C5-$L$4)^2) -> 0.3309197 | F5: =SQRT((B5-$K$5)^2 + (C5-$L$5)^2) -> 0.85938622 | G5: =MIN(D5:F5) -> 0.3309197 | H5: =MATCH(G5, D5:F5, 0) -> 2 | J5: Centroide 3 | K5: =AVERAGEIF('3_KMeans_Iteracion_1'!$H$2:$H$46, 3, '3_KMeans_Iteracion_1'!$B$2:$B$46) -> 0.85555778 | L5: =AVERAGEIF('3_KMeans_Iteracion_1'!$H$2:$H$46, 3, '3_KMeans_Iteracion_1'!$C$2:$C$46) -> 0.45377764
A6: C5 | B6: 0.049685034 | C6: 0.00099246289 | D6: =SQRT((B6-$K$3)^2 + (C6-$L$3)^2) -> 0.99110521 | E6: =SQRT((B6-$K$4)^2 + (C6-$L$4)^2) -> 0.39555535 | F6: =SQRT((B6-$K$5)^2 + (C6-$L$5)^2) -> 0.9243621 | G6: =MIN(D6:F6) -> 0.39555535 | H6: =MATCH(G6, D6:F6, 0) -> 2
A7: C6 | B7: 0.04968552 | C7: 0.23051269 | D7: =SQRT((B7-$K$3)^2 + (C7-$L$3)^2) -> 0.7736545 | E7: =SQRT((B7-$K$4)^2 + (C7-$L$4)^2) -> 0.27513319 | F7: =SQRT((B7-$K$5)^2 + (C7-$L$5)^2) -> 0.83622804 | G7: =MIN(D7:F7) -> 0.27513319 | H7: =MATCH(G7, D7:F7, 0) -> 2
A8: C7 | B8: 0.10334218 | C8: 0.095619474 | D8: =SQRT((B8-$K$3)^2 + (C8-$L$3)^2) -> 0.8855205 | E8: =SQRT((B8-$K$4)^2 + (C8-$L$4)^2) -> 0.29067848 | F8: =SQRT((B8-$K$5)^2 + (C8-$L$5)^2) -> 0.83312999 | G8: =MIN(D8:F8) -> 0.29067848 | H8: =MATCH(G8, D8:F8, 0) -> 2
A9: C8 | B9: 0.079321829 | C9: 0.11901087 | D9: =SQRT((B9-$K$3)^2 + (C9-$L$3)^2) -> 0.86953541 | E9: =SQRT((B9-$K$4)^2 + (C9-$L$4)^2) -> 0.29454031 | F9: =SQRT((B9-$K$5)^2 + (C9-$L$5)^2) -> 0.8453467 | G9: =MIN(D9:F9) -> 0.29454031 | H9: =MATCH(G9, D9:F9, 0) -> 2
A10: C9 | B10: 0.042721931 | C10: 0 | D10: =SQRT((B10-$K$3)^2 + (C10-$L$3)^2) -> 0.99404483 | E10: =SQRT((B10-$K$4)^2 + (C10-$L$4)^2) -> 0.40103136 | F10: =SQRT((B10-$K$5)^2 + (C10-$L$5)^2) -> 0.93092226 | G10: =MIN(D10:F10) -> 0.40103136 | H10: =MATCH(G10, D10:F10, 0) -> 2
A11: C10 | B11: 0.072667831 | C11: 0.070210222 | D11: =SQRT((B11-$K$3)^2 + (C11-$L$3)^2) -> 0.91821766 | E11: =SQRT((B11-$K$4)^2 + (C11-$L$4)^2) -> 0.33046865 | F11: =SQRT((B11-$K$5)^2 + (C11-$L$5)^2) -> 0.87180309 | G11: =MIN(D11:F11) -> 0.33046865 | H11: =MATCH(G11, D11:F11, 0) -> 2
A12: C11 | B12: 0.042901148 | C12: 0.12247162 | D12: =SQRT((B12-$K$3)^2 + (C12-$L$3)^2) -> 0.87744031 | E12: =SQRT((B12-$K$4)^2 + (C12-$L$4)^2) -> 0.32292056 | F12: =SQRT((B12-$K$5)^2 + (C12-$L$5)^2) -> 0.87759585 | G12: =MIN(D12:F12) -> 0.32292056 | H12: =MATCH(G12, D12:F12, 0) -> 2
A13: C12 | B13: 0.042832734 | C13: 0.021832265 | D13: =SQRT((B13-$K$3)^2 + (C13-$L$3)^2) -> 0.97312965 | E13: =SQRT((B13-$K$4)^2 + (C13-$L$4)^2) -> 0.3853635 | F13: =SQRT((B13-$K$5)^2 + (C13-$L$5)^2) -> 0.92037971 | G13: =MIN(D13:F13) -> 0.3853635 | H13: =MATCH(G13, D13:F13, 0) -> 2
A14: C13 | B14: 0.063773202 | C14: 0.14358779 | D14: =SQRT((B14-$K$3)^2 + (C14-$L$3)^2) -> 0.85075908 | E14: =SQRT((B14-$K$4)^2 + (C14-$L$4)^2) -> 0.29416262 | F14: =SQRT((B14-$K$5)^2 + (C14-$L$5)^2) -> 0.85037672 | G14: =MIN(D14:F14) -> 0.29416262 | H14: =MATCH(G14, D14:F14, 0) -> 2
A15: C14 | B15: 0 | C15: 0.06572374 | D15: =SQRT((B15-$K$3)^2 + (C15-$L$3)^2) -> 0.94534876 | E15: =SQRT((B15-$K$4)^2 + (C15-$L$4)^2) -> 0.39005501 | F15: =SQRT((B15-$K$5)^2 + (C15-$L$5)^2) -> 0.93944928 | G15: =MIN(D15:F15) -> 0.39005501 | H15: =MATCH(G15, D15:F15, 0) -> 2
A16: C15 | B16: 0.0055736067 | C16: 0.090362477 | D16: =SQRT((B16-$K$3)^2 + (C16-$L$3)^2) -> 0.92031919 | E16: =SQRT((B16-$K$4)^2 + (C16-$L$4)^2) -> 0.37162029 | F16: =SQRT((B16-$K$5)^2 + (C16-$L$5)^2) -> 0.92441531 | G16: =MIN(D16:F16) -> 0.37162029 | H16: =MATCH(G16, D16:F16, 0) -> 2
A17: C16 | B17: 0.32283765 | C17: 0.71656951 | D17: =SQRT((B17-$K$3)^2 + (C17-$L$3)^2) -> 0.23526054 | E17: =SQRT((B17-$K$4)^2 + (C17-$L$4)^2) -> 0.42490109 | F17: =SQRT((B17-$K$5)^2 + (C17-$L$5)^2) -> 0.59401203 | G17: =MIN(D17:F17) -> 0.23526054 | H17: =MATCH(G17, D17:F17, 0) -> 1
... A46: C45 | B46: 0.58728253 | C46: 0.41837301 | D46: =SQRT((B46-$K$3)^2 + (C46-$L$3)^2) -> 0.59231805 | E46: =SQRT((B46-$K$4)^2 + (C46-$L$4)^2) -> 0.29765413 | F46: =SQRT((B46-$K$5)^2 + (C46-$L$5)^2) -> 0.27060136 | G46: =MIN(D46:F46) -> 0.27060136 | H46: =MATCH(G46, D46:F46, 0) -> 3

Sheet 5_Metricas_Codo_y_Silueta
A1: MÉTODO DEL CODO (WCSS - Inercia) | E1: MÉTRICA SILHOUETTE SCORE
A2: K | B2: WCSS Simulada | C2: Tasa de Caída %
A3: 1 | B3: 15.42 | E3: Cohesión a(i): | F3: Distancia promedio a los puntos de SU MISMO clúster.
A4: 2 | B4: 6.21 | C4: =(B3-B4)/B3 -> 0.59727626 | E4: Separación b(i): | F4: Distancia promedio a los puntos del clúster VECINO MÁS CERCANO.
A5: 3 | B5: 2.15 | C5: =(B4-B5)/B4 -> 0.65378422 | E5: Silueta S(i): | F5: =( b(i) - a(i) ) / MAX( a(i), b(i) ) -> #NAME?
A6: 4 | B6: 1.8 | C6: =(B5-B6)/B5 -> 0.1627907
A7: 5 | B7: 1.55 | C7: =(B6-B7)/B6 -> 0.13888889
A9: La Inercia exacta (K=3) del modelo se calcula sumando los cuadrados de las distancias mínimas en la hoja 4.
