Workbook

Sheet 1_Datos_Originales
A1: Edad | B1: Ingreso | C1: Deuda_Ingreso | D1: Default_Real
A2: 44.967142 | B2: 54861.26 | C2: 0.15846293 | D2: 0
A3: 38.617357 | B3: 44223.766 | C3: 0.25793547 | D3: 0
A4: 46.476885 | B4: 39846.17 | C4: 0.26572855 | D4: 0
A5: 55.230299 | B5: 59175.144 | C5: 0.21977227 | D5: 0
A6: 37.658466 | B6: 65464.993 | C6: 0.28387143 | D6: 0
A7: 37.65863 | B7: 63969.202 | C7: 0.34040509 | D7: 0
A8: 55.792128 | B8: 37411.737 | C8: 0.48861859 | D8: 1
A9: 47.674347 | B9: 45361.814 | C9: 0.31745778 | D9: 0
A10: 35.305256 | B10: 54968.951 | C10: 0.32575504 | D10: 0
A11: 45.4256 | B11: 64633.177 | C11: 0.29255541 | D11: 0
A12: 35.365823 | B12: 42812.386 | C12: 0.10812288 | D12: 0
A13: 35.342702 | B13: 47215.115 | C13: 0.29734861 | D13: 0
... A51: 22.369598 | B51: 46481.193 | C51: 0.32969847 | D51: 0

Sheet 2_Datos_Escalados
A1: Edad | B1: Ingreso | C1: Deuda_Ingreso | D1: Default_Real
A2: 0.64439076 | B2: 0.65198213 | C2: 0.11487881 | D2: 0
A3: 0.47781493 | B3: 0.45303763 | C3: 0.34188072 | D3: 0
A4: 0.68399633 | B4: 0.37116697 | C4: 0.35966497 | D4: 0
A5: 0.91362728 | B5: 0.73266125 | C5: 0.25479018 | D5: 0
A6: 0.45266006 | B6: 0.85029524 | C6: 0.40106804 | D6: 0
A7: 0.45266437 | B7: 0.82232066 | C7: 0.53008101 | D7: 0
A8: 0.92836593 | B8: 0.32563773 | C8: 0.86831254 | D8: 1
A9: 0.71540972 | B9: 0.47432164 | C9: 0.47771398 | D9: 0
A10: 0.39092758 | B10: 0.65399621 | C10: 0.49664879 | D10: 0
A11: 0.65641765 | B11: 0.83473845 | C11: 0.42088537 | D11: 0
A12: 0.39251645 | B12: 0.42664174 | C12: 0 | D12: 0
A13: 0.39190992 | B13: 0.50898244 | C13: 0.43182373 | D13: 0
... A51: 0.051582538 | B51: 0.49525648 | C51: 0.50564791 | D51: 0

Sheet 3_Train_NN
H1: Pesos W1 (H1) | I1: Pesos W1 (H2) | K1: Pesos W2 (Salida)
H2: 1 | I2: 5 | K2: 1 | M2: Instrucciones para Entrenamiento (Solver):
H3: 0.4 | I3: 0.8 | K3: 0.3 | M3: 1. Objetivo: H46 (Error Total) a Mínimo.
H4: 0.78403258 | I4: 0.1 | M4: 2. Cambiando celdas: H2:I4, H6:I6, K2:K3, K6.
H5: Sesgos B1 (H1) | I5: Sesgos B1 (H2) | K5: Sesgo B2 | M5: 3. Método: GRG Nonlinear. Haz clic en "Resolver".
H6: 0.096088714 | I6: 0 | K6: -0.3
A9: Edad_S | B9: Ingreso_S | C9: Deuda_S | D9: Y_Real | E9: Neurona_H1 | F9: Neurona_H2 | G9: Pred_Final | H9: Error_Sq
A10: 0.64439076 | B10: 0.65198213 | C10: 0.11487881 | D10: 0 | E10: =1/(1+EXP(-(A10*$H$2 + B10*$H$3 + C10*$H$4 + $H$6))) -> 0.74863417 | F10: =1/(1+EXP(-(A10*$I$2 + B10*$I$3 + C10*$I$4 + $I$6))) -> 0.97713522 | G10: =1/(1+EXP(-(E10*$K$2 + F10*$K$3 + $K$6))) -> 0.67738382 | H10: =(G10-D10)^2 -> 0.45884884
A11: 0.47781493 | B11: 0.45303763 | C11: 0.34188072 | D11: 0 | E11: =1/(1+EXP(-(A11*$H$2 + B11*$H$3 + C11*$H$4 + $H$6))) -> 0.73558851 | F11: =1/(1+EXP(-(A11*$I$2 + B11*$I$3 + C11*$I$4 + $I$6))) -> 0.94189778 | G11: =1/(1+EXP(-(E11*$K$2 + F11*$K$3 + $K$6))) -> 0.67220123 | H11: =(G11-D11)^2 -> 0.4518545
A12: 0.68399633 | B12: 0.37116697 | C12: 0.35966497 | D12: 0 | E12: =1/(1+EXP(-(A12*$H$2 + B12*$H$3 + C12*$H$4 + $H$6))) -> 0.77039464 | F12: =1/(1+EXP(-(A12*$I$2 + B12*$I$3 + C12*$I$4 + $I$6))) -> 0.97708723 | G12: =1/(1+EXP(-(E12*$K$2 + F12*$K$3 + $K$6))) -> 0.68211765 | H12: =(G12-D12)^2 -> 0.46528449
A13: 0.91362728 | B13: 0.73266125 | C13: 0.25479018 | D13: 0 | E13: =1/(1+EXP(-(A13*$H$2 + B13*$H$3 + C13*$H$4 + $H$6))) -> 0.81795364 | F13: =1/(1+EXP(-(A13*$I$2 + B13*$I$3 + C13*$I$4 + $I$6))) -> 0.99440207 | G13: =1/(1+EXP(-(E13*$K$2 + F13*$K$3 + $K$6))) -> 0.6934449 | H13: =(G13-D13)^2 -> 0.48086583
A14: 0.45266006 | B14: 0.85029524 | C14: 0.40106804 | D14: 0 | E14: =1/(1+EXP(-(A14*$H$2 + B14*$H$3 + C14*$H$4 + $H$6))) -> 0.76911438 | F14: =1/(1+EXP(-(A14*$I$2 + B14*$I$3 + C14*$I$4 + $I$6))) -> 0.95182969 | G14: =1/(1+EXP(-(E14*$K$2 + F14*$K$3 + $K$6))) -> 0.68019396 | H14: =(G14-D14)^2 -> 0.46266382
A15: 0.45266437 | B15: 0.82232066 | C15: 0.53008101 | D15: 0 | E15: =1/(1+EXP(-(A15*$H$2 + B15*$H$3 + C15*$H$4 + $H$6))) -> 0.78470221 | F15: =1/(1+EXP(-(A15*$I$2 + B15*$I$3 + C15*$I$4 + $I$6))) -> 0.95139424 | G15: =1/(1+EXP(-(E15*$K$2 + F15*$K$3 + $K$6))) -> 0.68354695 | H15: =(G15-D15)^2 -> 0.46723644
A16: 0.92836593 | B16: 0.32563773 | C16: 0.86831254 | D16: 1 | E16: =1/(1+EXP(-(A16*$H$2 + B16*$H$3 + C16*$H$4 + $H$6))) -> 0.86241504 | F16: =1/(1+EXP(-(A16*$I$2 + B16*$I$3 + C16*$I$4 + $I$6))) -> 0.99323477 | G16: =1/(1+EXP(-(E16*$K$2 + F16*$K$3 + $K$6))) -> 0.70274118 | H16: =(G16-D16)^2 -> 0.088362803
A17: 0.71540972 | B17: 0.47432164 | C17: 0.47771398 | D17: 0 | E17: =1/(1+EXP(-(A17*$H$2 + B17*$H$3 + C17*$H$4 + $H$6))) -> 0.79831085 | F17: =1/(1+EXP(-(A17*$I$2 + B17*$I$3 + C17*$I$4 + $I$6))) -> 0.98208918 | G17: =1/(1+EXP(-(E17*$K$2 + F17*$K$3 + $K$6))) -> 0.68846174 | H17: =(G17-D17)^2 -> 0.47397957
A18: 0.39092758 | B18: 0.65399621 | C18: 0.49664879 | D18: 0 | E18: =1/(1+EXP(-(A18*$H$2 + B18*$H$3 + C18*$H$4 + $H$6))) -> 0.75731291 | F18: =1/(1+EXP(-(A18*$I$2 + B18*$I$3 + C18*$I$4 + $I$6))) -> 0.92604731 | G18: =1/(1+EXP(-(E18*$K$2 + F18*$K$3 + $K$6))) -> 0.67592937 | H18: =(G18-D18)^2 -> 0.45688051
A19: 0.65641765 | B19: 0.83473845 | C19: 0.42088537 | D19: 0 | E19: =1/(1+EXP(-(A19*$H$2 + B19*$H$3 + C19*$H$4 + $H$6))) -> 0.80477179 | F19: =1/(1+EXP(-(A19*$I$2 + B19*$I$3 + C19*$I$4 + $I$6))) -> 0.98187136 | G19: =1/(1+EXP(-(E19*$K$2 + F19*$K$3 + $K$6))) -> 0.68983183 | H19: =(G19-D19)^2 -> 0.47586795
A20: 0.39251645 | B20: 0.42664174 | C20: 0 | D20: 0 | E20: =1/(1+EXP(-(A20*$H$2 + B20*$H$3 + C20*$H$4 + $H$6))) -> 0.65909456 | F20: =1/(1+EXP(-(A20*$I$2 + B20*$I$3 + C20*$I$4 + $I$6))) -> 0.90919916 | G20: =1/(1+EXP(-(E20*$K$2 + F20*$K$3 + $K$6))) -> 0.6529098 | H20: =(G20-D20)^2 -> 0.42629121
A21: 0.39190992 | B21: 0.50898244 | C21: 0.43182373 | D21: 0 | E21: =1/(1+EXP(-(A21*$H$2 + B21*$H$3 + C21*$H$4 + $H$6))) -> 0.73694604 | F21: =1/(1+EXP(-(A21*$I$2 + B21*$I$3 + C21*$I$4 + $I$6))) -> 0.91758048 | G21: =1/(1+EXP(-(E21*$K$2 + F21*$K$3 + $K$6))) -> 0.67089155 | H21: =(G21-D21)^2 -> 0.45009548
... A44: 0.72986694 | B44: 0.3342568 | C44: 0.22805658 | D44: 0 | E44: =1/(1+EXP(-(A44*$H$2 + B44*$H$3 + C44*$H$4 + $H$6))) -> 0.75739718 | F44: =1/(1+EXP(-(A44*$I$2 + B44*$I$3 + C44*$I$4 + $I$6))) -> 0.9809143 | G44: =1/(1+EXP(-(E44*$K$2 + F44*$K$3 + $K$6))) -> 0.67954279 | H44: =(G44-D44)^2 -> 0.46177841
G46: Error Total Train: | H46: =SUM(H10:H44) -> 14.895956

Sheet 4_Test_NN
H1: Pesos W1 (H1) | I1: Pesos W1 (H2) | K1: Pesos W2
H2: ='3_Train_NN'!H2 -> 1 | I2: ='3_Train_NN'!I2 -> 5 | K2: ='3_Train_NN'!K2 -> 1
H3: ='3_Train_NN'!H3 -> 0.4 | I3: ='3_Train_NN'!I3 -> 0.8 | K3: ='3_Train_NN'!K3 -> 0.3
H4: ='3_Train_NN'!H4 -> 0.78403258 | I4: ='3_Train_NN'!I4 -> 0.1
H5: Sesgos B1 (H1) | I5: Sesgos B1 (H2) | K5: Sesgo B2
H6: ='3_Train_NN'!H6 -> 0.096088714 | I6: ='3_Train_NN'!I6 -> 0 | K6: ='3_Train_NN'!K6 -> -0.3
A9: Edad_S | B9: Ingreso_S | C9: Deuda_S | D9: Y_Real | E9: Neurona_H1 | F9: Neurona_H2 | G9: Pred_Final | H9: Error_Sq
A10: 0.1938186 | B10: 0.42030652 | C10: 0.79157806 | D10: 0 | E10: =1/(1+EXP(-(A10*$H$2 + B10*$H$3 + C10*$H$4 + $H$6))) -> 0.74623897 | F10: =1/(1+EXP(-(A10*$I$2 + B10*$I$3 + C10*$I$4 + $I$6))) -> 0.79971211 | G10: =1/(1+EXP(-(E10*$K$2 + F10*$K$3 + $K$6))) -> 0.66511051 | H10: =(G10-D10)^2 -> 0.44237199
A11: 0.56887805 | B11: 0.81786636 | C11: 0.25913155 | D11: 0 | E11: =1/(1+EXP(-(A11*$H$2 + B11*$H$3 + C11*$H$4 + $H$6))) -> 0.76768422 | F11: =1/(1+EXP(-(A11*$I$2 + B11*$I$3 + C11*$I$4 + $I$6))) -> 0.97137957 | G11: =1/(1+EXP(-(E11*$K$2 + F11*$K$3 + $K$6))) -> 0.68115789 | H11: =(G11-D11)^2 -> 0.46397607
A12: 0 | B12: 0.65329142 | C12: 0.3643781 | D12: 0 | E12: =1/(1+EXP(-(A12*$H$2 + B12*$H$3 + C12*$H$4 + $H$6))) -> 0.65545153 | F12: =1/(1+EXP(-(A12*$I$2 + B12*$I$3 + C12*$I$4 + $I$6))) -> 0.63623755 | G12: =1/(1+EXP(-(E12*$K$2 + F12*$K$3 + $K$6))) -> 0.63328203 | H12: =(G12-D12)^2 -> 0.40104613
A13: 0.16565914 | B13: 0.41245071 | C13: 0.62352353 | D13: 0 | E13: =1/(1+EXP(-(A13*$H$2 + B13*$H$3 + C13*$H$4 + $H$6))) -> 0.71414287 | F13: =1/(1+EXP(-(A13*$I$2 + B13*$I$3 + C13*$I$4 + $I$6))) -> 0.77217064 | G13: =1/(1+EXP(-(E13*$K$2 + F13*$K$3 + $K$6))) -> 0.65606204 | H13: =(G13-D13)^2 -> 0.4304174
A14: 0.56572943 | B14: 0.70505433 | C14: 0.15698421 | D14: 0 | E14: =1/(1+EXP(-(A14*$H$2 + B14*$H$3 + C14*$H$4 + $H$6))) -> 0.74401086 | F14: =1/(1+EXP(-(A14*$I$2 + B14*$I$3 + C14*$I$4 + $I$6))) -> 0.96796569 | G14: =1/(1+EXP(-(E14*$K$2 + F14*$K$3 + $K$6))) -> 0.6757702 | H14: =(G14-D14)^2 -> 0.45666537
A15: 0.70781041 | B15: 0.58829935 | C15: 0.48978198 | D15: 0 | E15: =1/(1+EXP(-(A15*$H$2 + B15*$H$3 + C15*$H$4 + $H$6))) -> 0.80584332 | F15: =1/(1+EXP(-(A15*$I$2 + B15*$I$3 + C15*$I$4 + $I$6))) -> 0.98302128 | G15: =1/(1+EXP(-(E15*$K$2 + F15*$K$3 + $K$6))) -> 0.69013483 | H15: =(G15-D15)^2 -> 0.47628608
A16: 0.55904179 | B16: 0.83280274 | C16: 0.73617165 | D16: 0 | E16: =1/(1+EXP(-(A16*$H$2 + B16*$H$3 + C16*$H$4 + $H$6))) -> 0.82713174 | F16: =1/(1+EXP(-(A16*$I$2 + B16*$I$3 + C16*$I$4 + $I$6))) -> 0.97166927 | G16: =1/(1+EXP(-(E16*$K$2 + F16*$K$3 + $K$6))) -> 0.69394598 | H16: =(G16-D16)^2 -> 0.48156103
A17: 0.48374786 | B17: 0.36411687 | C17: 0.071037662 | D17: 0 | E17: =1/(1+EXP(-(A17*$H$2 + B17*$H$3 + C17*$H$4 + $H$6))) -> 0.6859342 | F17: =1/(1+EXP(-(A17*$I$2 + B17*$I$3 + C17*$I$4 + $I$6))) -> 0.93803029 | G17: =1/(1+EXP(-(E17*$K$2 + F17*$K$3 + $K$6))) -> 0.66090802 | H17: =(G17-D17)^2 -> 0.43679941
A18: 0.43509678 | B18: 0.46914587 | C18: 0.48000883 | D18: 0 | E18: =1/(1+EXP(-(A18*$H$2 + B18*$H$3 + C18*$H$4 + $H$6))) -> 0.7493571 | F18: =1/(1+EXP(-(A18*$I$2 + B18*$I$3 + C18*$I$4 + $I$6))) -> 0.9307844 | G18: =1/(1+EXP(-(E18*$K$2 + F18*$K$3 + $K$6))) -> 0.67449631 | H18: =(G18-D18)^2 -> 0.45494528
A19: 0.12622105 | B19: 0.45106664 | C19: 0.49718106 | D19: 0 | E19: =1/(1+EXP(-(A19*$H$2 + B19*$H$3 + C19*$H$4 + $H$6))) -> 0.68837701 | F19: =1/(1+EXP(-(A19*$I$2 + B19*$I$3 + C19*$I$4 + $I$6))) -> 0.73917339 | G19: =1/(1+EXP(-(E19*$K$2 + F19*$K$3 + $K$6))) -> 0.64797023 | H19: =(G19-D19)^2 -> 0.41986542
A20: 0.32524731 | B20: 0.15050173 | C20: 0.61629071 | D20: 1 | E20: =1/(1+EXP(-(A20*$H$2 + B20*$H$3 + C20*$H$4 + $H$6))) -> 0.72406757 | F20: =1/(1+EXP(-(A20*$I$2 + B20*$I$3 + C20*$I$4 + $I$6))) -> 0.85915229 | G20: =1/(1+EXP(-(E20*$K$2 + F20*$K$3 + $K$6))) -> 0.66414328 | H20: =(G20-D20)^2 -> 0.11279974
A21: 0.39324546 | B21: 0.64413739 | C21: 0.15559526 | D21: 0 | E21: =1/(1+EXP(-(A21*$H$2 + B21*$H$3 + C21*$H$4 + $H$6))) -> 0.7045336 | F21: =1/(1+EXP(-(A21*$I$2 + B21*$I$3 + C21*$I$4 + $I$6))) -> 0.92393804 | G21: =1/(1+EXP(-(E21*$K$2 + F21*$K$3 + $K$6))) -> 0.66412136 | H21: =(G21-D21)^2 -> 0.44105718
... A24: 0.051582538 | B24: 0.49525648 | C24: 0.50564791 | D24: 0 | E24: =1/(1+EXP(-(A24*$H$2 + B24*$H$3 + C24*$H$4 + $H$6))) -> 0.67748074 | F24: =1/(1+EXP(-(A24*$I$2 + B24*$I$3 + C24*$I$4 + $I$6))) -> 0.66922516 | G24: =1/(1+EXP(-(E24*$K$2 + F24*$K$3 + $K$6))) -> 0.64066424 | H24: =(G24-D24)^2 -> 0.41045067
G26: Error Total Test: | H26: =SUM(H10:H24) -> 6.3688953

Sheet 5_Metricas_Evaluacion
B2: Umbral de Decisión (Threshold): | C2: 0.5
B4: MATRIZ DE CONFUSIÓN (TEST SET) | F4: CÁLCULO DINÁMICO DE AUC-ROC (CURVA ROC)
B5: Real \ Predicción | C5: Positivo (Default=1) | D5: Negativo (Pago=0) | F5: Umbral | G5: TPR (Recall) | H5: FPR (1-Especif) | I5: Área Trapecio
A6: 1 | B6: Positivo (Default=1) | C6: =COUNTIFS('3_Train_NN'!$D$10:$D$44,$A6, '3_Train_NN'!$G$10:$G$44, ">="&$C$2) -> 3 | D6: =COUNTIFS('3_Train_NN'!$D$10:$D$44,$A6, '3_Train_NN'!$G$10:$G$44, "<"&$C$2) -> 0 | F6: 0 | I6: 0
A7: 0 | B7: Negativo (Pago=0) | C7: =COUNTIFS('3_Train_NN'!$D$10:$D$44,$A7, '3_Train_NN'!$G$10:$G$44, ">="&$C$2) -> 32 | D7: =COUNTIFS('3_Train_NN'!$D$10:$D$44,$A7, '3_Train_NN'!$G$10:$G$44, "<"&$C$2) -> 0 | F7: 0.1 | I7: =(H6-H7) * (G6+G7) / 2 -> 0
F8: 0.2 | I8: =(H7-H8) * (G7+G8) / 2 -> 0
B9: MÉTRICAS PRINCIPALES | F9: 0.3 | I9: =(H8-H9) * (G8+G9) / 2 -> 0
B10: Precision (Valor Predictivo Positivo) | C10: =IF((C6+C7)=0, 0, C6/(C6+C7)) -> 0.085714286 | F10: 0.4 | I10: =(H9-H10) * (G9+G10) / 2 -> 0
B11: Recall (Sensibilidad / TPR) | C11: =IF((C6+D6)=0, 0, C6/(C6+D6)) -> 1 | F11: 0.5 | I11: =(H10-H11) * (G10+G11) / 2 -> 0
B12: Especificidad (TNR) | C12: =IF((C7+D7)=0, 0, D7/(C7+D7)) -> 0 | F12: 0.6 | I12: =(H11-H12) * (G11+G12) / 2 -> 0
B13: F1-Score (Media armónica) | C13: =IF((C10+C11)=0, 0, 2*(C10*C11)/(C10+C11)) -> 0.15789474 | F13: 0.7 | I13: =(H12-H13) * (G12+G13) / 2 -> 0
B14: Exactitud (Accuracy) | C14: =(C6+D7)/(C6+D6+C7+D7) -> 0.085714286 | F14: 0.8 | I14: =(H13-H14) * (G13+G14) / 2 -> 0
F15: 0.9 | I15: =(H14-H15) * (G14+G15) / 2 -> 0
F16: 1 | I16: =(H15-H16) * (G15+G16) / 2 -> 0
H18: AUC Score Estimado: | I18: =SUM(I7:I16) -> 0
